"-0,117751910325426","-0,208500193193716","-0,0683351636498644","0,542384255538017","0,715076010958279","0,535108603027979","0,468157967553674","0,704917520908202","0,916731721600256","0,768597426926555","0,388048552725644","0,120449735344345","0,123221271190036","0,3281380026856","0,518934178321918","0,390198220737606","-0,147228202701997","-0,607316191428184","-0,631117968795457","0,106994826940288","1,21587168815295","2,15115312258959","2,13970590888604","0,736662754740504","0,482961049978695","0,68489444898742","0,451304831882624","0,201371650723364","0,552718756598352","0,689981732240223","0,668406899068341","0,40427981179624","0,359630483611736","0,247111848120422","-0,0252484980665804","-0,37170963627281","0,46627610161725","1,26723837816577","1,28468216975263","0,488669941004266","-0,38171734413829","-0,559535822585123","-0,325243284745215","0,0214134774466886","0,0672564956189072","-0,149182283937982","0,107413325254366","0,543147380695207","0,871657049527789","1,04868958220044","1,06289309108567","0,997312179104916","0,921187447388754","0,787701735589538","0,589567339233244","0,462282156186977","0,458876799514347","0,394408831652167","0,0506457540887147","-0,544527776591506","0,721690783627957","1,77336700112832","1,77254787169227","1,0503323964314"
"0,452260517772629","0,332058105096796","0,280883878177978","-0,0688875129940881","0,29355058262764","0,457843390854003","-0,157560222302106","-0,232010503897298","-0,101867980997103","0,497027118643021","0,707612205337724","0,551750768702892","0,439619080305877","0,626683970845198","0,836487591057628","0,740268656669915","0,487961568442877","0,411517044840243","0,406730152157495","0,270768862218803","0,436624663634406","0,535305418661972","0,149951688870442","-0,355895811173278","-0,583188210638968","0,152137981992877","1,28560671200701","2,21693867795528","2,14635265693097","0,708587317871425","0,288939923753209","0,49399117515244","0,264383543520946","0,279977336228838","0,768269953255999","0,784384466699109","0,677571501083112","0,588091421020843","0,461119971878192","0,290973200649632","-0,0428806913186145","-0,391684344717535","0,600928404818733","1,29099923151493","1,20259859836468","0,493708602951378","-0,00198310207296476","-0,271880168156741","-0,266286179371766","0,0779292592611991","0,228207737007927","0,328743693122301","0,585697811529116","0,828259090016357","0,911065579732008","0,790257000709584","0,719354147893574","0,816368115887727","0,734301554957023","0,602228716471978","0,450604567117185","0,367230185230044","0,481496399639912","0,560265502494216"
"0,296287411843819","-0,208748638543955","0,783268012720579","1,74440173268771","1,66224414230385","0,937503826464179","0,394626966231952","0,324798421978025","0,327216058728044","0,208946226988947","0,462320424247962","0,608758417822397","-0,270055017332204","-0,297783143992178","-0,238684587620253","0,306237539639706","0,602665671088737","0,571253544460373","0,423239996705644","0,452330793429458","0,658576439934219","0,794833381822489","0,98432806724326","1,10720497459962","0,87909159464267","0,356523611328888","0,510015005696942","0,781084943962687","0,47111050160314","-0,0886614909687737","-0,233549020127909","0,269016509219516","1,36462314458108","2,22810327703273","2,02726017431832","0,571635920259608","-0,0323113861525522","0,1325653524981","-0,113487565478771","0,444228608516684","0,965397045141955","0,889350438173062","0,669144594629298","0,54024065529944","0,479806942557022","0,343802608367499","0,00360791440843555","-0,0279499990249864","0,879137168374415","1,30412131157209","0,962290296526138","0,401322589981135","0,216364351186741","-0,0275277205985329","-0,130636443279609","0,343206394975375","0,640255307773401","0,797500932902261","0,879150898667285","0,848504949881689","0,696138917489097","0,540042915344709","0,663620529884218","0,694907415191563"
"0,411783282499658","0,134503372177914","0,105852362586","0,136763226113218","0,472449341133616","0,767624854537469","0,65817826316353","0,17267894830174","0,948147478411787","1,66103075066572","1,36170344917387","0,636016561693672","0,254416054456502","0,349171005807581","0,494975440416455","0,511357309677746","0,67753543935326","0,783104446432868","-0,587943905368549","-0,443327745896929","-0,220717035527628","0,087507729946485","0,353036244601986","0,410615260106327","0,340265411461313","0,47678886573135","1,02205695525779","1,52309994086085","1,8406585447113","1,80059993407099","1,3985945213943","0,997453288553284","1,02450019237448","1,10648511271456","0,730200074096366","0,181140141716118","0,210481916129709","0,499488009027451","1,3299086436862","2,00508474338045","1,68559978874755","0,336767801486022","-0,00391447986708565","0,0464223965268437","-0,304750664636663","0,543135438329627","1,05205487576159","0,913808367909206","0,576968489651991","0,328206339816214","0,296982459976081","0,275969923682297","0,0998779693201564","0,380433481576771","1,11514656080472","1,19330056532665","0,571317656019037","0,151838542288367","0,235076264722186","0,0703007774579178","0,28600614902919","0,819939611947453","0,998346219914758","0,888878990957928"
"0,620428053109985","0,350627373609257","0,315423300788373","0,487870324143475","0,705226736336858","0,721540527774616","0,408800073015179","0,107164262710999","0,0794401225898222","-0,0924619652310208","0,363292479219553","0,762975082080548","0,79109708953635","0,504639255760216","1,32010574887741","1,60148457957379","1,04814042372625","0,660169132024473","0,613880287538487","0,4260474763874","0,523451185199953","0,482678290736863","0,562378680001034","0,625502140112237","0,0600222636989148","0,126666661618663","0,268866312197742","0,461657315821001","0,659610996481084","0,751974105952214","0,867214899225599","1,23692367043395","1,69397259074015","1,88557673659666","1,69913684818897","1,34399632149109","1,10684107466405","1,10314826367973","1,2792863260536","1,34751867866636","0,978871731369552","0,488030351471004","0,523273542725175","0,775601598413376","1,26997528071699","1,61232216710211","1,25825441970238","0,488789990635095","0,525304802135904","0,487847973244083","0,0774380326661908","0,472648731429481","0,974764854026068","0,751145157070969","0,284519666801976","0,0084873997520097","0,0489184058540944","0,0834215767369714","0,0575318749875801","0,683687591166086","1,20125975620515","0,935247328258751","0,132376010738349","0,164164663301464"
"0,341858002727697","0,352086760034362","0,827484672317045","1,10686314052332","0,942816687151935","0,481087990535187","-0,0863556917529236","-0,0624504327010882","0,269391972982223","0,517219963695158","0,700259686960394","0,738933241532946","0,557035800621774","0,340457729308549","0,0676012759416732","-0,188096490912776","0,197916104578735","0,517555372139177","0,645683464394443","1,15883542058258","1,78897974236498","1,54423589151129","1,00411566489611","0,935015162295579","0,799285202122326","0,621570091023591","0,431686723164803","0,136160487607705","0,214875805785624","0,265542467981044","2,33714852193096","2,20188121867257","1,9604636526619","1,95994492349285","2,22455263494723","2,44187252000592","2,55444930774961","2,64362064481474","2,5035066916962","1,8516622943855","0,710871630002848","-0,563073823751288","-0,931509668176926","-0,377148005930251","0,37542465369704","0,997342205603456","1,01668818444227","0,677756087353307","0,569881709443609","0,934646583009542","1,30527375443567","1,23450138050408","0,911541896393445","1,03578794048476","1,21854612039862","1,22003296850032","0,905785095007245","0,613492306759317","0,818975089066745","0,446526749218988","0,0900451367797247","0,155018572323184","0,184239459172516","0,086091503812812"
"0,239245225556729","1,01951453125168","1,23713067909262","0,811854562440728","0,619302478571013","0,750091211902349","0,752731470136677","0,740489823098895","0,966384777784323","0,866556823415116","0,385793299330851","-0,0138448562211596","0,0440872887477854","0,25720622733372","0,447256405150588","0,572730715538481","0,731373599231832","0,826380222553891","0,681395003448913","0,343256442036841","-0,0789837042507125","-0,0881969588819135","0,0380184823907683","0,111019776725617","0,682213424950888","1,70099156080006","1,8310133381491","1,03733776802443","0,611556134901241","0,777987779114819","0,79764648806215","0,882515479487259","0,742474080920021","0,224443843979941","0,0511245242334171","0,0769880038686461","7,55108050797343","7,00175880730054","5,99310103068288","5,67063082574617","6,09924030607413","6,35924878001253","5,95691344319162","4,94470221559569","3,569863872165","2,44974710904435","1,93343122770599","1,4509257635836","0,884248078461163","0,766114464194902","1,08537910519687","1,16691635366242","0,792987937014406","0,498675997800144","0,419538711805625","0,998341307199355","1,35503587729335","1,12054208315015","0,460601939850894","1,08797391814791","1,50986734454942","1,67487480775587","1,54290479533165","1,31091059549628"
"1,24879887085429","1,20809669440973","1,22722555005967","1,15957528025124","0,919731267310576","0,648527480054719","0,932318993885065","1,37905499564945","1,28443927726698","0,900323532693547","0,896893923503241","0,907482183022081","0,72806145125723","0,544918706772084","0,653683953870247","0,27083382256646","-0,0338642526450982","0,106700102238526","0,277670893441221","0,425264533390977","0,514283215357877","0,700180754713327","1,04520047762505","1,12174115449367","0,777365627661874","0,297622187926366","0,15432650650827","0,119384940919736","-0,124318033097192","-0,241568790551579","1,1706966115204","2,0680437751119","1,66616272296697","0,500253017580721","0,253183108662168","0,679202883351841","0,921317585989512","1,04155148395177","0,860721726329615","0,360176896261504","0,0929806226992302","0,104503584662203","16,0063781550144","14,6975346022098","12,404433489892","11,8195886486623","12,866564044411","13,1882264440163","11,4009482829246","7,94358280911728","4,79839853555802","4,46801675642571","5,97651599563187","6,92081189357552","6,82788019392014","6,24324328859274","5,27867479527138","3,67692961062436","1,89879211026472","1,01761827021629","1,23492990783535","1,62773510189673","1,70034661204967","1,32457423291422"
"0,609204697800138","0,116861648267765","0,760276942078335","1,11441082535085","1,20332971720554","1,1779120349609","1,34930207900654","1,64612827467267","1,83734118796578","1,77479834857673","1,42154738817724","1,03407647375298","1,2753842358726","1,44308195073843","1,06884723183546","0,655095003027409","0,59505645291709","0,459469179060941","0,182495094039391","0,490598609415576","0,669808373574733","0,321277096124607","0,0723109049965812","0,17200789757145","0,32362006723447","0,393243770011123","0,475475509332831","1,09390287035863","1,38207777882742","1,15459482876232","0,578140352555329","0,277625201211809","0,374814430562809","0,375456056895747","0,0762229612745519","0,27178025914415","1,70943423795364","2,27587886083935","1,44712654360698","0,158831049316942","-0,158226388438983","0,49501669423683","0,92187122641324","1,0330415569863","0,837334698281827","0,373704716099222","0,0358852040263131","0,0229686599337418","24,2104998752748","21,7523606578805","17,7014108569549","17,2482752971857","19,8533093602315","20,4838117407925","16,3356887916841","9,10575836640388","4,59056871947194","7,56500401986386","13,297798632024","17,1476998664346","18,0381026492869","16,4197063958325","12,864819072308","8,14619154474199"
"3,94658532804872","2,24667402477698","2,87627473205608","3,50680896259191","3,35781199025072","2,65600082769891","1,65830009358854","0,568507105542662","-0,269620147713317","-0,487991064223065","-0,0115080504720291","0,501311934454869","0,473006244587773","0,761767050499186","1,23767289721712","1,31436241360962","1,00840292733242","0,637160966674516","1,20465410983462","1,11844951555607","0,526650149980056","0,417155605546158","0,348703194285102","0,132856903644204","0,0315281595135861","0,513634008815324","0,642860765124814","0,380338363195235","0,20090837788869","0,389724872578112","0,686655523679259","0,891873343691271","1,02720171983427","1,21624694589059","1,08100842561056","0,50588271908775","0,0189585547131637","0,128356805215285","0,366389008769407","0,499171005640829","0,415023802132312","0,868246945333792","2,1129620464478","2,24523770645459","1,14565132391309","0,0648565278525654","-0,335391157438474","0,150146763929966","0,755721513228757","0,993477502906272","0,955433946844802","0,572338683084491","-0,0590430387496242","-0,507004276849652","24,5603094701607","20,9514776070077","15,4550285940804","15,8494345403318","20,8763250145465","21,8996398174729","14,4722750245974","2,67619072971271","-0,512715556918538","9,54462554911704"
"21,6752577509399","30,1713137118533","32,9862883518954","30,0678515638924","22,6352102496456","13,184654759657","5,57027679866879","3,57349761886797","5,69780934914678","7,25606188788566","7,31416982676551","6,33455236800878","4,65861484560378","2,86212499598578","1,82285897113557","1,75434381875788","2,07443878774787","2,18148904284862","1,586657963222","0,496105332028919","-0,0180410893215558","0,326105163490158","0,995818565835836","1,56768159990615","1,5224625177361","0,888534366743804","0,192157175852492","0,16804465010669","0,122306122642447","-0,0751713000968067","0,0708059499382535","0,341805491693712","0,448271733186662","0,439796336799621","0,432575704367202","0,749154761611593","1,07770744918429","1,09866358836562","0,846718505546097","0,944210737673937","0,811710391120046","0,291405495461524","0,0203043222031937","0,0603250724993452","0,23035083342242","0,367025913046176","0,392940538357681","1,24915515180532","2,30898544990858","1,96003415975763","0,689804868652019","-0,0670662260921769","-0,291769465905817","0,142547899260838","0,726546383498852","1,15818783329372","1,43702262301052","1,32486170897109","0,854712754462895","0,565819225826627","16,2388024618244","22,0662104677022","24,5451924367121","22,6682499015731"
"20,5748587334649","17,3449649519964","6,30462501948058","-6,20370348668321","-1,16922812226707","11,9156687604926","27,4417317132849","40,5203033098983","45,9610199381511","41,3942124100885","29,0278548564852","14,242865712859","4,11783229865308","4,22051925228546","9,28974020018487","12,5255416580233","13,4577347880772","12,5540643499074","9,93038102560133","6,95337721634956","5,80629875060148","6,50398139242841","7,05126647097413","6,36109063565836","4,52039735276239","2,45438033698748","1,56903490266723","2,26258497481037","3,46196522649502","3,93955056374634","3,27169352991874","2,02028231179817","1,02898297529572","0,661451148133792","0,631733937031316","0,693888550182223","0,765700464503563","0,665671897182079","0,439413637600484","0,256777112596241","-0,0271243925894153","0,287060933020657","0,468886546036314","0,292761641790925","0,694454693634545","1,28792684237118","1,21438329880723","0,583210986005986","0,0544747032319986","-0,020452256287076","0,0903790431169006","0,15954028288034","0,186350896469391","1,56574310839345","2,2385417340311","1,53114226512575","0,0891963884933589","-0,714860861090131","-0,308634902370129","0,530531783185481","1,1395987207497","1,81921418136738","2,69915496878088","3,28509084561942"
"3,31832451065407","3,21041350294594","87,3713389279953","87,4072856364637","84,293156432636","74,6466311779063","61,3440201885914","49,9952594373782","42,8215451499685","38,6708570480441","36,07779701391","34,5072770568019","36,1348642429864","45,2615444682229","50,4822410683893","41,3670703542826","23,1801923847673","5,72630423496106","-1,37062372679197","4,06875091551553","11,5421486006517","16,0681075039631","18,4420127641123","18,1731606685037","14,5685404153916","10,5900909605163","10,6194816996098","13,6863174086511","15,2963958885982","13,5334445738489","9,40987239168102","5,52166640378499","4,69841929259054","6,69739742332541","8,77480532719546","9,07018720758384","7,47313742086965","5,25126512096827","3,77944223846726","3,45148672385505","3,66077044376562","3,72680563928051","3,41394511133457","2,81455707998278","2,20896081718383","1,82522304159645","1,52705279645446","1,07744610807262","0,630214970315189","0,703006982233146","1,45090956434957","2,09112295933714","1,89496399003958","0,943946420181195","-0,10771549571862","-0,717256285397954","-0,403845207006713","0,00887494760574086","0,703854811430319","1,6246877223629","2,04291202956489","1,76062394558927","1,10075263010524","0,541694217389094"
"0,713732393467437","1,30745807718084","1,88562992763634","3,18698794605426","5,35799946356608","7,39675759166312","8,4803180639031","8,73899841896706","114,436755148242","113,794893626357","109,220020127377","98,4881265489313","85,9263925312275","77,9213103841041","75,8919396573091","76,7833772727789","76,6406355905249","72,4535473834111","63,777616953992","55,9488912613142","47,4438861219962","24,1879664910694","0,0723705341069341","-11,6304134580308","-6,42924144134388","4,4555868002868","10,3732831344876","12,6800224382622","15,6846503236395","16,3230576531207","11,9717830516127","8,42440540839331","12,1998954240619","19,7547367306964","23,4794964114811","20,3158203009641","12,5804242640703","6,34118726505806","7,67086361275166","13,4916974150906","17,6801449833002","17,7632626934875","14,4602274570428","10,4366044148865","8,33983894205093","8,73215330148697","9,97864475306761","10,5218047769324","9,94847392561626","8,63158347473694","7,19757661611443","6,04038826656485","5,02128259537032","3,84745929144475","2,83830190750695","2,81327917388408","3,81415649415986","4,73181254442943","4,54688194853921","3,31536899725676","1,85758821448328","0,836219825642799","0,450747092048453","0,619364867702483"
"1,14812784022925","1,76078234496538","2,07937522976216","2,08343716936979","2,00844172265386","1,90424631215339","1,92587007222173","2,09720746839033","2,93021592947207","5,6305796353467","9,87235346279812","13,9402147924548","16,3543110177072","17,0398879044137","71,8664373534967","74,6792285117779","77,0114399957699","74,5430673387917","71,1943807378952","71,8424803433778","77,2931239758197","84,7255829267986","89,5759224061036","88,3882533660246","82,2475732515506","79,1415463007142","72,9936570970114","52,3050839102388","25,3795512042168","-2,23863394483453","-4,34187814759295","14,077430589023","20,132413140898","16,8257970811871","10,1320269419205","4,33552057121179","4,18294741329026","2,37347260246996","7,41288025509369","18,7107604211971","24,5765286455753","19,0527553978846","5,90692427700634","-1,6827589023964","7,2561716309955","19,8750679187192","27,2671944143565","26,8248469106983","20,4247502729825","13,1631727909338","10,883271557881","14,3242698764397","18,7751532073888","21,037952172645","20,6504814819662","18,463428625885","15,6066880889092","12,8524925565728","10,3813653490755","8,22463701811275","6,98311431984269","7,5011959768387","9,47160908470934","11,2267430275068"
"11,2638757108244","9,57181952756022","7,22896322913366","5,12112530554177","3,5456162437527","2,66252345398634","2,66356559119075","3,03860161467104","2,80347516544026","1,82274861328042","1,25667595685135","1,90177434487312","2,8227797233448","3,909991016038","6,35909284788256","10,8714210490602","16,6269662666625","21,5286269557734","23,9014280876561","24,3515514593519","4,86619232333484","14,0944424475785","22,0132703023174","27,3015578878127","32,540172207964","39,3649369278119","49,1435700288975","59,9294662453439","67,2017548923511","68,1392765601348","68,9325475724471","84,3022485292635","94,3662805179169","85,1453938098373","61,3765219954505","29,3479756752456","24,9822769305713","52,0688787824873","62,7401145913663","61,1740784573718","55,2644530142772","51,9648723029651","50,2816841557532","44,0487997800281","32,9012706139178","23,0915012229371","25,8225723986327","20,2017872342156","8,80436911838526","2,31510845393894","8,69417519062543","21,8580200052969","30,5404827616888","28,6778345386089","17,4759049999579","4,4118384349037","3,69647720868619","14,7133868404439","24,8859546656322","30,0628365032023","30,5183927973385","27,6818755478568","22,942171318271","17,6354874871321"
"13,2880839593234","11,2932189512882","12,0628199099741","15,0982387204407","19,2601123097221","22,5038235786298","22,9608400535135","20,532567090956","16,5661685943751","12,2772691826163","8,46177902724067","6,28904016497602","6,52415826949687","7,55920438737624","7,20775519855804","4,99188282685096","2,01878000107822","-0,488752178907078","0,905681620430651","5,68789873639676","11,4346066346963","18,3522836163299","25,0314432385204","28,8382000694815","27,9562314345584","25,8813376359436","13,6659756436723","11,5744474938405","8,80097021654758","9,98241179123482","11,4380945392937","7,55579119389086","9,91265905100635","18,7341160885475","24,8330171098765","26,7866873751191","42,9568746910188","75,2781384887901","92,1533682511565","87,5962407660212","68,6719794662828","50,7824272923712","74,8626399291031","97,0358463832089","101,27437872498","93,9783290881313","83,8421636666115","79,9184934546739","81,4578639241067","80,0970695396048","75,1192369658681","71,248402021289","69,1535046971364","66,6323827318809","62,8206478251632","56,3159930024658","46,5273749179035","34,0667114525581","23,2904264179326","26,4225978141093","22,1699809216117","14,2044177147123","11,2989984024878","17,5031733241504"
"25,2447920743387","29,4653726552247","30,6101561673834","28,5277026198725","21,7085920685205","11,1255821529448","4,00114936597038","7,48951063911115","15,3892093002278","23,1527307976293","29,9520414559895","34,5811427632545","35,3593131942816","31,947727823394","25,6952772093673","18,4740124021456","12,5362771533804","10,6922457304861","13,4184692820596","17,0147861423449","17,7899595236419","14,991579567373","10,1369914356109","4,73177950206871","-1,54646291163899","-1,51476971877623","7,09223471761477","16,6519241656059","26,048414985982","32,6780463966256","33,3673372094816","28,0726114376519","14,8814055539118","14,3149820122563","14,5302031868227","16,6836468890658","15,7871493244127","6,42144874672666","-9,08754032084572","-14,5320788659626","-10,4491553171443","-2,36278402296591","27,1252074135337","59,2062878907315","73,0411960727943","66,2463419339766","50,1103168071384","75,7806767309183","102,594840818984","108,696125311826","101,721629235867","88,6876331482198","75,7612214625448","69,9972049725983","71,0584912508524","71,7431122350281","70,9482872801342","71,5213783857478","75,4704749582778","83,4844326535226","91,4903174735013","95,0075726368644","92,3281628320764","85,1864807614655"
"79,8862817398267","81,3643231442939","83,1098785775784","82,0811451105078","78,7274015536795","73,0508569396424","62,315637844622","44,0255202703598","35,3527034448348","42,2162075354408","37,022947631977","21,179726788462","8,18386780112721","12,6402241119643","21,0070376478103","27,6435090582236","33,5994080678781","38,2419882146493","38,5598619000269","32,8970342804185","23,2234348390862","14,2089493540947","10,2573609180498","12,9229646166483","20,5760224007305","28,5543327389184","31,7885258639105","28,5111351083204","20,4349692513549","10,4033920694446","1,07839371465407","-5,68098955165274","-11,0081072193126","-6,72728638584934","7,254690681148","21,293024532247","30,8834874285651","33,8484188283949","12,3682828944458","13,3626803866595","16,1486141897439","18,6097156306647","16,1942544253223","6,02836687453641","-9,984624653512","-25,0668213333333","-21,1275355378209","-14,0969927977154","8,0901749223498","34,3682423122969","47,0338321743442","43,6298025254992","72,1860595088442","93,2338007603319","90,4872819675089","76,4629692540724","63,7400601106776","51,1846675023853","39,4518803261426","31,8470501460101","28,249647422367","24,9118488683064","22,2354090013389","24,5594016224858"
"35,5020638638285","53,3225606249998","72,686563191664","88,4184035757243","97,9844777696298","102,417785068341","105,18629013016","109,223814464768","114,511596401761","119,068976718295","121,743211255431","122,455310515476","120,00996877548","113,683086881106","108,683000759729","106,414307734107","100,164944270616","89,7705910573974","79,8198843322965","70,6690350499517","57,2024548874847","37,4181280719492","24,9773138065533","39,1534207398459","41,1988795058652","26,7376046923633","2,71021654003851","-4,62868238100958","1,01750374705143","8,90522447001589","20,5533647410676","33,2434480054908","39,8455457782468","35,8739394291593","23,1593517708234","7,73360921633875","-1,31669657582796","-0,539800337064855","1,81230915566283","8,76566552406148","22,9893652567566","33,8951338094315","33,8163185551203","29,0046745295893","7,14812090535521","9,29884661397527","13,7443327615714","16,090895240488","12,2417209943339","1,33752737724683","-12,288587779298","-10,2737269470976","1,87682814020149","14,8294273072364","28,4189426216579","43,6863794898746","60,6019731943303","77,0288177163104","86,2426023031833","76,1297535592931","48,2426096967094","32,0926725857967","24,7145635058852","15,1453808907458"
"5,00575844309357","-3,28447590795702","-1,54691600883863","19,8430459434936","32,8258728771","27,4522375797142","4,34322117763608","11,5700481542709","34,0796988288218","52,8029984843645","63,7569789285616","66,2883322721918","68,0379265338063","76,7455818251803","86,3993482351157","95,193013540674","103,019031815046","110,153042236575","116,476977644228","121,041589088144","123,692778264536","125,570639599952","127,093857826226","128,889791192593","131,0463823992","130,193124549786","120,872701572214","105,37255607716","104,45473831631","114,060523081377","110,435841213601","96,2388244652843","79,5660181786831","59,5528368107874","34,8454425609808","11,528436781499","15,5631670776661","32,4907616970851","39,2213941206284","31,5365957812245","12,7287699367258","-9,04384148619656","-12,9716447179262","0,041054192564447","12,8808549315849","27,198628976696","40,1823365603031","42,9917307330449","33,7776991448929","25,6203409364887","-2,91592305571402","0,850386492822787","7,15454342254949","10,476176392236","8,67364822129803","6,89117013589897","11,8217481193674","22,4607603664968","37,15917465328","54,2454290363844","70,4143851433312","81,4447804556872","84,4626461183437","78,5924111476006"
"63,1034396734237","43,1387997336164","37,4990048459467","30,9084507274687","20,6539777984702","8,12584405260828","-2,53577486856088","-9,16125286702548","1,58418069873131","24,5252627075875","36,808813868025","31,1946641476373","13,1546431819072","8,96469302265964","20,2269927046413","30,393429114931","35,2260612397021","33,030194838932","25,4920741773844","23,2503101706817","26,5268453785473","32,9665036097691","42,1850514673672","50,9275578198684","55,7103971091674","58,5852109392231","68,5913924254209","80,4454049966373","93,1454117057941","107,737331727607","123,642208756305","138,375458792492","148,473233395154","154,487805334168","160,219304248888","161,060983175562","155,420471316844","149,828819448334","144,708385693521","132,689255918302","112,937291477166","100,839103492299","102,356001147704","99,9371417870984","87,5445765444971","69,9860399832123","51,4164529719119","33,1641143592482","16,88478034355","3,26998966393005","12,2162032672523","31,8869237903191","40,2647122243908","34,1628089775196","17,5382439109387","5,89995301548146","22,7241687835154","22,0946632171468","21,0987861112915","23,3715129191136","28,4422574842223","33,1810921119352","38,1755121430413","45,1999353409315"
"55,6503376279994","67,993074783109","77,2002327463008","77,8949148747287","68,7329456124191","55,1851174532654","53,3831064309386","56,8833880641148","53,0915051348343","43,3080922197012","29,4817046252721","15,477733069299","6,64837887549984","3,089717024205","0,330880702231649","18,4321150015679","30,4534262270292","26,2721926667358","14,5330265966268","11,9747128634096","13,3481802492269","16,6240033487213","22,3324698379566","27,7489646561076","28,4435386778909","20,318237054436","2,68776777651346","-15,7737005530383","3,20130679726597","21,8448913697658","34,3300556162784","39,1786206323326","34,1438891891692","25,3610462138616","29,7159815932047","45,3839716519973","66,8213771831787","89,2664374101676","107,557431727203","117,887219931091","121,332228482715","123,7414296281","128,949889432451","137,690264840545","147,02026408819","151,970031653905","152,608250829661","155,578455487212","156,594205442324","147,4880308439","133,46288744939","122,224545488982","111,210157587806","97,120552485484","82,2772707691003","70,4405860738269","62,3127976110502","54,485170741646","42,7051347006076","26,5502767469588","9,74717182828491","0,97538748598095","42,3845268504058","41,8101380584988"
"40,9379860394138","40,9507111174704","41,2649394966313","40,9205083488215","40,1850305380383","41,0738740744913","45,4701901301366","51,6571204681089","55,0706649902146","52,7369507670293","47,2847251304653","46,530421376413","51,8694235913008","54,2413247401868","50,1242293702271","41,1381976361169","29,0524160181397","17,7456037991021","13,8687826282089","16,7275879313086","20,2378202198967","23,9043914263936","26,2457361292598","19,4215642471707","10,3383415104294","4,07320008456484","-2,52848565022682","0,602409256421976","10,3250443568681","18,8439196374405","22,1166016569564","18,4432506243538","8,66962683054777","1,38490528108057","9,56094429293953","23,8750694151226","35,2082133488233","40,2724449477301","35,2210075657884","16,7556683314811","-10,8697206175747","-7,62576026069767","22,0720100309626","48,5194175229734","62,7643321555163","58,6615235666156","39,3611579564678","44,1873661431684","55,475070602194","68,9179018540059","84,0128863870649","99,0648019325179","112,512565368034","121,582974209933","122,830533875458","118,414332900586","117,156322597208","121,84726359607","125,533952480226","124,46428991133","121,828169659407","120,242875958309","115,892387790637","105,589213948818"
"90,5905265517201","73,5561211960874","59,828386534853","54,690025294927","26,6273652317537","26,2637774983645","25,4078241959825","23,376273961082","21,0971119410574","18,6134392918434","15,1936427738982","15,1107240376739","20,4170820916968","27,0155015360955","31,5586487247405","33,7242787973926","35,910822574999","40,0585545020981","43,4278342855951","41,7671540836347","35,4329471098409","27,0556503738506","17,307484958837","7,1361903960766","4,70672394772237","11,769143963609","18,6991908776966","22,9201569737156","23,3672878001413","21,0389243399069","16,856231058071","9,32130738664547","-0,7653034275903","-4,2403840337531","3,14298116174564","9,63567579089872","12,5013623100822","11,630392504713","8,19692505637782","6,4853508881277","11,1871316412278","19,0753767562302","25,8656987417382","29,3154780647559","26,5315686933525","14,5706565626814","-3,16638546145643","-0,527323691841579","23,0362012676682","45,4395117534695","58,7880202796545","60,1355215741385","48,7006755185359","25,5035179189892","-0,940559470989731","-9,77582825300837","11,135620123661","33,6602207097531","40,0227173610853","26,7109284027967","37,3594604147562","45,675197645757","56,0340687899827","69,4612132859643"
"82,7180425521604","93,5238561091378","102,213562239675","107,457753516081","108,296634767783","108,776842595491","108,662166667455","103,600875469285","96,1393288253064","92,796551890097","3,46059420094257","8,62680444152121","15,0791998924121","14,2532226975851","8,15806335971644","2,59877194918286","-1,05977997308459","2,83218683559725","10,2839412589362","16,5141764470486","20,907979236816","24,0525467781635","27,0850529048713","30,3607885402454","31,7892017441081","29,0212451901474","23,0258646811253","16,5251301213525","9,97213485992884","2,05378707041307","-2,22363218616269","5,54786288907655","15,2188334820508","22,1327184205787","24,3180150934503","22,5023072152163","18,394727812006","12,5492000819587","5,84659575339777","1,095606582538","1,39666661854476","3,73007597036428","5,07052155974696","5,23519024582958","4,88945253824162","5,41864788766398","7,79435555201642","11,0091747116449","13,9328508389769","15,7855165941352","14,845345605419","9,39000325047818","2,72902055657726","7,14338196889553","21,1783660248711","35,6967030350891","45,6598458423633","48,2673528380797","41,5295845139967","24,4580789195864","2,31834968804891","-1,92597466410014","20,8066294510637","41,6509630481589"
"48,2277308072312","40,7741247820929","26,9937676944245","14,161026248539","5,69946141846739","4,24891517873219","12,9218579763854","26,888509425268","37,4676228390913","41,8238059281612","47,618004154919","60,3383096835361","74,731673207652","84,4081524721838","88,7217636543657","89,9444443648087","18,9868141405684","21,4375180080259","23,4443372110077","19,0672817623621","12,046273628567","8,71084244824686","8,64211280859671","10,2176466579471","12,3096918361306","14,3006197332154","16,2701517573975","17,8393370061928","19,1102925860067","20,480782736322","21,0728117190669","19,546608662042","16,6186804421534","14,3411204371974","12,9228657390937","10,8941120814148","9,37325306661944","12,0258250776374","18,1125252632518","23,1114053211549","23,6024915712691","19,8290289698047","14,466628818515","9,31599987204458","4,87296007062385","1,81380702119262","0,749846270187494","0,86486048059433","1,1618229510916","1,57328790437234","2,28030516795955","3,30941860844755","4,30040999361905","4,98041479236743","5,66346406987073","6,48248209824287","6,48249151812293","4,67251730523626","2,93315311872158","5,84393084064619","12,8112015410122","20,6930604936938","26,7689712058032","28,9343402201464"
"25,7918065159723","17,2574828251573","8,23423670368535","10,978845162905","24,8491294244374","37,2788099699449","41,6264967227976","37,3951775502084","27,5338144931684","15,8537596551465","6,32907695216933","3,82751345965926","10,4985386286429","19,1410916019102","21,0590103969581","13,7110143456199","3,45745738837393","1,26334136034532","11,4328609877826","24,3495764948905","34,4203853138846","38,3304711040138","22,689145301951","23,6187714786915","22,1244994490373","14,5104567051515","6,50331811543415","5,47900664278681","8,91060178246266","10,92183210935","10,5622877467435","10,536635792671","11,9110658300655","12,9463128939322","12,9999976041695","13,0387737942398","13,1277079553795","12,4715482179286","11,8454837549615","12,84332528319","14,8182096312386","15,5786419555576","15,0523190220147","15,9748690269139","19,4530674573257","22,5520175722129","21,6198609174881","16,5558810625732","10,5198114074282","6,08524883972193","3,46015280332395","1,94792854923121","1,00364163553414","0,36646580764376","0,103143506884259","0,363186204142091","1,11805919556651","1,98227837051577","2,36197379372738","2,14414594506186","1,99425466168942","2,36191366475134","2,65771323351605","2,15024198801396"
"1,57622726218898","2,63194954675916","5,52346867810267","9,26052826722309","12,3574832438502","13,5749500503977","12,3270410455519","9,07143379314069","6,74377770743174","9,78862203490497","16,9934710339318","23,4805930463929","26,0416701667228","24,1991816798393","19,3628631398544","13,7823692227867","10,6084361609247","12,6033858470496","18,4894831947797","23,7763461219374","24,512639937971","20,0427212255092","14,7234435930154","14,5600353848732","19,0537753444539","22,2193790769444","21,8405500021684","20,9559610618597","14,9094149414276","15,6930232012175","13,4322830317467","6,27746846378432","0,122225429095069","-2,13986338232809","2,15228573580412","4,9686343705368","3,94530266305384","4,22599023184707","6,82156233417625","8,42951815361366","8,15281167061746","7,67796893280265","7,22117909440778","5,85805430845834","5,31875881233326","8,16807088025474","12,4185309933327","14,4437679519399","13,7694305734276","13,7612117390219","16,7696614751031","20,2825461702179","20,2284124607623","16,2327998378365","11,3480345764526","8,03283978421759","6,18531433718779","4,61449228683573","2,90908730614278","1,44336693114012","0,575265976295136","0,413796451697016","0,867585006885068","1,47365760860308"
"1,65450604777498","1,34951207978424","1,11155991657215","1,34210055050843","1,61802990037502","1,26658353428433","0,587001767759486","0,578932915686975","1,7191632140723","3,58016892599366","5,156438795487","5,7027689114337","5,06771579911183","3,78321196585981","3,29165768931397","5,05476739925515","8,6054667442967","11,9183491291176","13,2832526030785","12,5727697952584","10,7943377068904","9,12765005621904","8,89295807082653","10,8946117127663","14,1851401557921","16,8859166250023","17,6890245760847","16,7650657895006","16,568849211628","19,861157766541","24,8243648299782","27,6778522646513","28,0160777652027","27,7768849187343","39,9694651631907","38,3735573936275","34,7994181101045","31,0347430204409","26,9806560763632","21,7784803813795","16,3789642793575","12,8694916721974","10,9955677823258","8,94976663224974","7,49503634987568","6,26488885651794","4,02950829815135","2,67734377935232","1,74627642631666","-1,10797232027998","-4,01415625648183","0,43254730784079","6,43552538094404","9,24554234728187","8,66380333476654","8,04994538631665","10,4550420854806","15,7902743383036","18,5661821556843","17,1570147944547","13,7414434134506","10,7422437076535","8,77684818914671","6,76042675872551"
"4,26079661560866","1,98562853165402","0,684521498472523","0,573957802935596","1,10994473157205","1,55306173099298","1,52925550469587","1,22849549973875","1,15940072416166","1,47232306289147","1,65055774049616","1,10047742296531","0,146709177634245","-0,346477298550106","0,154344620650002","1,43321335099174","2,53335635985608","2,80011654755723","2,21721723000552","1,38244146884834","1,25445170178348","2,52433733442602","4,91438750730338","7,09193627414505","7,92717910830116","7,53970523511899","6,80203790349102","6,31752623920002","6,31067034887787","6,79976298422675","7,44662334698992","7,93886302153153","8,52473010789334","9,73532165540812","12,1554190979809","15,7608003445539","18,8416052202113","20,1738587733264","20,4599036411081","20,5132435970353","60,8069805264982","59,4660906260348","55,9752155978363","50,6141202159488","43,1214196735921","34,200636207049","26,651104819026","23,3206237440429","22,9951439168227","22,4023164941111","20,2246443291998","16,0422372226522","10,1746510676235","6,97773833007058","8,60850533632528","10,6977627904923","12,870021201054","15,3400047420699","18,3442332726826","22,4341234797133","26,8443793886402","28,7187441485613","25,6929734841905","19,3845344148331"
"20,3824471653486","19,6895707668183","15,4263441420757","11,1414215619708","8,99916392293973","6,94453631924881","3,71649682069743","0,749674787100716","-0,0227678563303766","1,04195666117629","2,0517243645397","2,3243266314495","1,94672286674237","1,48622441737662","1,54630732785536","1,98534049673091","2,03780791736427","1,24883350699701","0,129242710325825","-0,518847242863331","-0,489608681422653","0,582170364802386","1,64298210722292","1,8273733430032","1,36184621220005","1,36316149921894","2,10753264465124","3,62038587577154","5,82218628371362","7,75601231140015","8,45882715957999","8,09060082111331","7,44851399097574","6,81511221942383","5,99139070219462","4,85943571586748","3,50162822453817","2,32877334918759","2,28853561686557","4,1058494126587","7,12782030715177","9,68763035030682","10,5546030713109","10,1772267756491","9,82655164656311","9,79699293375341","48,6805555586985","49,7290645351843","51,2038462352014","49,6328065023631","43,1620778873892","33,4357223728171","25,0373796688998","21,683873910427","22,9019745555737","24,9911650598417","25,3329234447264","23,3878445590647","21,8879682389605","24,0277415347207","26,1975707200954","27,0969998470077","27,6678224469991","28,699984281522"
"30,5586726883328","33,145225549683","36,7121625811898","39,2830927534812","38,4231189500786","35,0684801586589","31,5751756244043","27,141613245105","19,565768876341","11,1541774248512","7,02901956437718","4,70456083914031","0,555349538815572","-2,79897701150705","-0,750727655613935","2,27528964560469","3,78796470958526","3,85266089127631","3,19407845213918","2,70712009480213","2,91514245279963","3,40049853351103","3,27505803017865","2,24211100708457","0,920560841460252","0,0923443905628139","-0,0213302214815571","0,513023288061988","1,29505911679354","1,34521737053365","1,54562349569528","2,85849056108355","4,58799785018032","6,51122304636838","8,65472419512419","10,4250535360301","10,9469484694146","10,4352011446109","9,82807446246129","9,08941408663375","7,6137887751825","5,38790946364701","2,98718596392314","1,07011688473339","0,140619879450488","1,07608581893645","4,00303703970487","6,14750716839928","5,88057364141426","4,32500847250416","3,25570295519198","2,9930711620838","18,0072369472123","23,0832178994999","31,6006990266327","37,4805952724789","37,7964873412565","32,5266971334199","24,9021302878067","19,7694819602065","20,2638161476561","22,0699041632922","22,1321743302175","20,6118924238278"
"22,9641122529739","28,1536179199892","30,1683421631987","29,2553353122956","27,4758905669912","27,3634373935623","28,397071648963","28,1118371844698","28,1492148343976","28,4090400265574","27,4114797129568","27,5621799515613","29,4626773413566","29,2810046965511","23,9549727099941","14,5148122240431","6,20668196295654","2,55563656769157","-1,03152458641068","-4,29702247748531","-0,497241352350786","3,56225046040591","5,14704035173827","4,94145428031579","4,42799387004915","4,58526384973171","5,44312669182054","6,27358265174007","6,30701880810192","5,42861490342795","4,15744924218612","3,05484282956113","2,40256880886087","2,25056070694779","2,19559867961465","1,06440105833876","-0,00686761575074013","2,85889716584818","6,48084122285129","9,91937398655911","12,6547048115809","13,8477564952613","12,756106550607","10,8706755112735","11,1340766677847","11,6695269596454","10,4300471753348","7,74425073612056","4,87431610602507","2,72615696301261","1,23218584954262","-0,0915204447258632","1,962047268426","4,96343111792943","5,02117545208192","2,85782787225448","0,915191481201008","0,292917571669106","-0,880721897919714","3,22118746460669","11,5780243318604","21,0384424840129","28,1742318230505","30,1946376720065"
"27,4010005185149","24,5341061024102","24,7257658062631","23,44987271583","19,5715579818035","15,0730673873531","18,8578890447702","21,7408565189775","22,1086372818941","20,2149775675313","17,0695597303701","17,7887319123615","18,8863507827419","15,4585960526952","11,5695519100948","8,46666219315813","8,89958339182912","16,1247572847443","19,295829561857","23,6201926442439","23,5917046394368","18,3480910723135","10,8967186319042","6,74497658259722","5,83076475366491","4,31221746056842","2,37305287803753","3,05399350973601","3,63148940590433","3,33853254270998","3,93693000629735","5,65458072734732","7,75561135882188","9,46401353182318","10,3509500762693","10,4019740150157","9,76510427417855","8,52719968098712","6,98901670051643","5,84864520481588","5,22822113677717","3,55378680154002","-0,326074983792352","-2,50749084483219","3,58292534717674","9,68284898692595","14,9402102587161","18,0031497332679","17,2820997786894","13,7286786106422","16,8922065986067","18,1153979132458","16,2384020236129","12,6017402995822","8,7831504367459","5,75331663739656","3,60088695128752","1,76327470317291","0,87019793537427","3,96842226292679","4,88717530933547","3,11110154147215","1,05769589661159","0,443529803406715"
"0,414446246860235","-0,727164940998046","-2,19969863075725","2,15437596776462","10,9690599457443","18,7630270818426","23,9100493934946","27,7521780553387","29,7694978894829","27,0437894730152","20,6465441749635","16,4978706600475","12,8044025970504","11,2176243617609","11,2090853413461","9,78066164870354","6,85528871257896","11,0165479050327","10,3742769394907","4,89311091329459","0,231423840377129","1,37744139977099","12,8353666024541","14,9803592495946","11,2027066764112","15,824261824953","19,5808603959338","19,3226393909941","14,7900283112701","12,2893682400771","14,954931115183","16,7804829659196","16,2983110799059","14,1426262906847","10,5108193628394","6,35528244485053","4,1466345072521","4,88638755127004","6,95947474373493","9,12759852682169","11,0511136249785","12,6000741393735","13,3080338500371","12,4410198572606","10,2315887391558","8,56969396659918","8,65858735551115","8,21366350864281","5,00381728063808","0,72854528168085","-1,32358804497103","1,10716846233956","6,62210212438504","12,8505139535935","18,6920811935971","23,1136988144047","24,8395996060817","23,3744506044966","19,5208430686133","14,7437844654955","10,3282493420635","7,08082257897519","5,27602154625557","4,51937019577548"
"4,33572996974878","5,13702641560778","6,67622430121837","7,75926748728669","8,45395854380782","8,6961276974694","0,24978525803483","-1,15073533041824","-4,2893532948939","-5,07075603580745","-0,299689453167026","4,4374982000842","9,35424423999526","18,3825792461018","23,8228716645476","23,36785818066","20,987683135175","23,2570979442155","15,5768469580707","6,88012468031938","4,24381384293531","2,39360318551021","7,48878607964687","9,16224052463933","4,61556395274419","2,55663842598158","0,316388314578742","3,48299645059426","13,0193463187155","10,2982151270772","5,43953597626079","11,946881732336","16,3295883431503","18,5447755224274","16,9762246011685","17,9289740400075","23,8053601509342","27,8156888676117","29,1183427891513","30,0304390348001","29,7488654525281","26,64200352351","21,7617633700067","16,9487734615419","13,0869067007239","9,99880282606696","7,41130121028587","6,80277992422713","8,45744825842737","8,49132424738364","6,14874476706482","4,95973063130382","7,75112545774482","10,5525463806167","9,05052943771108","4,58649864751982","1,28022163355729","2,77815631431843","9,44337419065961","17,1479559659335","20,462984334949","16,8780588281267","12,688444414892","13,8233009370215"
"11,4850576529351","7,21789420897131","3,12615483202328","0,543621382632113","0,326283708359966","1,88840546122747","3,75585078268448","5,45065046659702","7,3832226357068","9,69862371215286","11,2516866097676","11,728512562165","-0,509094087066915","-0,970064760584222","-0,750119529394299","2,43347497484708","7,25008825762286","9,37780989055373","4,16801162592421","2,79563190105718","9,97439204884906","13,205112889316","20,5796501784046","28,4694888117506","23,1649289662951","12,085707612083","3,66315117555903","5,34685719411022","12,1104648386017","6,972985754655","3,00750757003708","3,757838443183","2,17482422024649","8,27769536912264","13,6898476466653","7,68555907777431","8,84236787732864","13,1343537660508","15,5288455859907","17,5313864933572","18,573857883632","21,1851327309711","25,8086187578934","28,1123970265075","28,7793216606742","32,0250460878674","36,8286025948606","39,4205574408055","39,965482426963","40,6067145572381","42,2453984855705","43,9529181411803","44,20930348678","42,0618166108635","37,7120404338581","31,9801946989219","24,9611886944181","16,3302359722117","7,77158196536627","8,17518593128399","8,05289770743941","2,89386433228135","-1,52842803711718","4,74617974173759"
"17,6983892111662","27,2076446799895","27,0909698399481","17,9614875346766","8,20960821968182","7,94647247355757","7,93141239592961","4,83370048170205","1,76027764811562","0,978286387915843","1,39803374501308","2,52765700906154","4,57885453498906","5,96163666619846","5,15807549280988","3,27940215145711","3,35166685134574","3,80796827666907","-1,05125155118026","-0,596323875844256","1,31285363243786","4,77159630270564","8,35014640083281","8,72800146989164","3,08084942185639","-5,43148444357271","-0,65818452351933","4,1930528330008","16,9712551603168","27,9880584126891","26,9739850913026","17,99208902205","9,78997526138842","12,3113258961265","12,6671439992662","7,10688538598933","7,57837920250888","6,18667665860576","5,04239036446517","13,1363678832765","13,1202156017818","4,5127901471025","4,58198727907889","6,77563017162047","8,08249129966738","9,55867342997333","11,894219308562","11,7003817494407","12,2702155528774","12,6770531668935","13,3548716109381","17,4040878354565","25,1478438901247","33,0356805774829","39,8333093699911","46,6751430882343","54,1244960153567","61,2781863923347","66,6724233718484","69,3292142425445","69,3466540420737","67,3965087297333","63,40107484567","56,5984742663544"
"47,5733784436496","39,1971577710073","32,9920613333624","26,2102886059435","15,9449020413174","2,32366731743568","18,154116708729","28,2504993363038","24,7917808600087","12,4844114928957","3,33062123359697","6,54314041302723","10,3777870628161","10,1249992480883","8,20547627318875","7,0232567378022","6,82700473351336","7,92297618318553","9,76779785327284","10,0884126095334","7,59218332061882","4,29846271842362","3,10067565270292","3,23069562525267","-1,04590188832438","-0,136503664988569","1,66313759137885","4,19893213263627","6,5899636636266","6,59627909287673","3,27210259248013","1,02946910334144","3,37868088985741","4,98743804533173","8,55179883366307","21,4872872644773","26,3423029689161","25,7689364159063","25,6853441296871","24,5041282393046","21,2706192083063","20,3307788051458","19,5241757178678","15,275282727734","10,3279195741579","11,2545642993079","7,09094896156774","0,704469134762672","-2,79922694747489","-3,05096726024113","3,09216253495155","9,22812740505613","13,2157212383433","11,1957008212728","2,01292252916563","-6,8554216515744","-4,16090167948796","0,765454848078952","6,29474039973239","13,2413564623876","20,9546968271862","28,5769899695209","35,8875705540109","42,3323706583086"
"47,3913508940362","51,6145542962977","56,256428273704","61,2997286876303","65,022608128261","65,7181533365626","63,5130671361985","60,7478394386136","59,1479820630969","56,9889399865286","50,6763135501251","38,7831090111944","24,3838265427371","21,103426010681","14,3778233879409","1,84550996791487","-5,14474082393086","3,12347785447249","9,86209673432113","11,6671372600346","9,54138052895295","6,90388323238827","6,29453095795016","8,65450449689771","11,6935148816839","11,5423848316869","7,57728726371459","3,56891957141226","3,43309164046051","4,45016515608361","-0,783087895024676","0,13047173044606","1,27156032446242","2,99768582006935","4,84047832609744","5,57227772278554","5,37492321867092","6,51518936725705","8,99793604432027","10,4999000231512","10,3920166572081","11,8798374339871","20,4500748560223","27,0593300106497","29,5981396733061","28,5908871005851","28,178760064137","29,3102674408517","28,8189687329158","24,7231374717595","18,1139659228374","12,1611985560257","10,2912529545396","7,8370654956526","3,05479018543622","1,06869951176877","5,21648868309203","10,1225707481862","15,3320253097322","17,3935110635158","12,2811979301154","4,15733234609076","3,00095080825376","7,28800130308081"
"11,2646091502688","13,6772355046325","14,8614591996356","15,0512122372095","14,156023577076","12,3747524660423","9,56715055422169","6,56319094291881","10,51963378681","19,241765862707","27,3663931612801","33,5701720672832","38,0518674653209","43,0311017751399","49,4715033402575","55,2584289228536","57,1779904392543","54,199431027152","48,1992095119688","40,7692909417801","32,6756636204467","25,607906327706","21,2782841241637","20,0809094241468","20,3575050167813","19,0594172944766","15,2120709404448","13,4332330093316","11,6925450279089","8,37663596082814","9,5583816271542","9,40892792992505","5,0993675365421","-0,10196439564838","-1,13703284835672","0,636492167751383","0,0984197370614401","0,303429918769105","0,879676507426237","2,03189100237272","3,54898281369213","4,73881760841055","5,7740322312466","7,55294267992442","9,95579882972709","12,4029099785495","14,8467900614598","16,8280525826354","16,2971597411761","12,725209394968","12,7706854222768","15,7367490935488","18,7553901328926","21,404025060325","22,4458688074382","21,2562799416345","19,8209886140619","20,5789744122792","21,3239670172278","19,6056306937207","14,7416389775142","8,45012797174425","4,93166586299015","6,62825595302379"
"12,3558846860441","17,3025778206738","15,6531885087597","8,92918973306092","7,31510250924956","10,739239326923","14,0029626494076","16,1680988375161","18,5422103023314","21,2355865151518","21,4264123022572","18,0742886641417","13,5089589999622","10,0957610917552","7,94632487120679","5,69254541219661","3,90607135251335","4,61269135846447","6,05891276091765","6,6973296749537","13,1775220834019","21,9418470286401","28,7206759544483","32,3503254128613","37,2405003654756","42,903710320776","43,1824572763442","40,1289995859478","37,8631313483752","37,0181847903466","36,3810469226943","35,8653721758266","36,5252905468621","38,1472752278842","37,6635918283704","33,5138926019062","27,5191023172258","22,3565892111623","18,0233572655668","13,4594291889927","9,41028822178656","7,73841517098231","0,606548773652182","0,658151527091185","0,832415414404682","1,36849333396268","2,3779985486435","3,2879132891478","4,07455535196002","5,48913028634286","8,00446832486416","11,7423967358402","16,1775480186235","19,3864558620403","18,9750172725283","15,2851611341732","11,4944126081612","8,59677278776113","5,34825294387418","3,41427853529914","3,76343692052087","5,59044385473188","10,4999856096982","16,2418087145599"
"20,7785260226526","23,1095049122184","22,6786535446932","20,412741816966","19,2777415224443","20,9634088091426","24,282949870124","27,0039061139995","25,5550905643246","17,55822235456","5,18354108150701","3,64594927773503","5,4643935000185","7,8252555746254","13,6591512741137","22,0631965599559","26,6554902423199","24,4989123310052","19,216846235749","15,3823635351739","13,9413699278044","13,3648776756213","13,1823221460044","13,8636603103325","13,7492914753187","9,56095804825565","1,04678848313681","-4,02690697429975","2,07249423304005","8,02410562182205","14,4058226729485","23,1717752206165","28,0608965008907","29,5116665827339","31,0029850654758","32,4898500263543","32,7845918747387","33,2153330239124","35,8045385273135","39,7644363617961","41,8859051636538","40,7608191898775","38,1048702707535","35,2255006858042","31,8648662455637","27,8482132548371","24,1612711928976","22,6236728944019","0,687418148280177","0,711398726066737","0,663780348826136","0,643738445227724","1,29700690764945","1,7543021350639","1,85359069016102","2,72247191949419","5,17054074646512","9,2302729944302","13,8291501983488","16,9822954265132","17,273268654384","15,4127863299245","13,1389118126421","10,4112677875667"
"6,17731963536417","1,71626975205115","0,347175733764557","2,0312985539425","3,41527418064256","5,06439962727449","9,38285792820835","14,2344584930179","17,7674517932958","20,6711744862837","25,6029919341253","32,1832608263461","38,2403590989269","42,8591893860043","45,9154209163195","45,8890554866722","40,5913413248419","30,0832132866465","17,0884246830083","5,24921981720654","6,00013575898107","17,041178813349","24,7641868444195","23,8486097544926","18,4648045516288","14,4790073897993","13,3045923149159","13,6614117834048","14,6039239243088","15,6177837537106","15,2983345625229","12,2879022200353","7,63249709521691","5,71931767757706","9,09478956368298","13,8301161626998","16,076929168113","15,3414182796448","12,0693295889793","6,97632129934382","6,19919458211057","9,5519230687241","11,8319824387882","13,3535030913319","14,5033157396286","18,5786041613266","22,0439195455133","23,7725243804178","26,1365051858247","28,393872539218","28,3199466994112","26,3395306958771","24,0833827669807","23,116063321894","0,313246136011866","0,285005822741629","0,0770790703261787","0,265822198998387","1,11689065516108","1,3239461250609","0,662143128294215","0,918975234364137","2,85724849697355","6,01244868347307"
"9,24468683333513","11,3390941714908","11,9001851186328","11,4616588843125","10,6650039091954","9,26812087589697","6,80276469791325","4,26383537238968","3,56289080561467","4,19532668455655","3,70366938338404","1,40675184841386","-0,493854868754025","0,704753118164438","3,98876960828212","9,24151996904961","15,6386617698361","22,2630914168014","27,7224006984514","32,1551915023774","38,0133145361763","45,4849980094881","50,4892949660964","50,8647265509349","48,0595629090013","43,5751739513582","37,250517343054","30,0538816530857","23,615382184662","16,2588189412433","10,7127252684592","7,83281958936172","6,44234750581909","7,48441925881776","10,3586058929715","12,7713584584856","12,9480452804268","11,1590752635324","9,1561177549716","8,94541166115218","11,364198144553","14,8711401100864","17,2857043512487","17,6915125880345","15,5943042851469","10,1851021805291","3,64760988195271","2,97555982786507","9,21536478047034","14,7019538896774","12,9271964262375","5,53929522179368","0,668940011034727","2,61355094813869","7,82001303097336","11,6571835252444","12,9092259028423","12,3201562387095","11,3101045623502","10,8797185056856","-0,0432447610707606","-0,113042261239174","0,0405186001537239","0,56366561502842"
"1,39620219932943","1,58178758103863","0,623848951185757","0,395121282702525","1,62727542231749","3,37520332805756","4,84629577356699","5,64658516379433","6,0095848350196","6,19755811815995","6,2195471275922","5,83755785358513","4,9005847396304","3,95956611946031","3,95832020604709","4,48653738727028","4,23499008192004","3,18390075233382","3,18029182305418","5,7355728328646","9,22276679980465","9,44769574568732","5,14495322106134","4,02662442908072","5,95968933502314","6,87062355775675","9,17991303532984","19,1835628928588","30,3405217724639","40,0438187882481","48,8063237835078","56,3572027337524","60,2478334643004","58,9694831333092","52,5921318091203","42,4799696548611","34,233103746841","26,3218412535956","15,8795362066822","4,8013856037281","1,60206925354212","5,28110720182743","6,18864662244385","6,19391452868796","6,94044935089191","8,31462154185342","10,4248287713291","13,3036951806411","16,360642531166","19,1582805916498","20,6519111855918","18,9029063586372","14,9721656266085","13,8065822659618","17,1903010219609","20,7252734489285","19,1040445178248","13,008451272426","8,14249827775973","6,88797961643242","6,53956221737531","5,15206617352473","3,35876755324573","1,92134345657253"
"1,31201256618833","1,41781477546111","0,0168044753519785","-0,159453465644639","-0,0508020882659792","0,485620795849862","1,33175526485853","1,61370277691287","0,740877966713165","0,674979689780309","1,23492079021873","1,74942035411251","1,96922006415944","1,91313683381372","1,95785869991973","2,18421665470084","2,40913102469966","2,52551085403524","2,53149416497937","2,62881027242216","3,11829178313766","3,61376023611491","3,65660460645372","3,73215067995979","5,02962608030974","7,97008091366595","10,9778109799728","11,0077179249034","6,91707883316551","2,43832988240432","2,1465267093299","4,14394214787751","4,38295411461836","2,51286044433357","2,35659471754449","11,5438044041246","24,414560948204","38,2598866834699","49,8244722986138","57,8196243405005","63,265643083424","65,7131280062283","64,8583263496584","59,9755697371361","51,0237622626852","39,7697215643587","28,2976823171269","17,731435792613","8,23320626440361","2,34855754808743","2,58019133493798","4,17044722629148","5,71289855976795","8,29507418682063","12,142083821069","17,2817331651958","22,3893777055174","24,0434602549961","21,5643599285925","19,1170269218412","20,5034804442801","24,0751013896169","24,3774865575252","20,2848066287576"
"15,7478718957005","12,8324891746941","10,2520761424953","7,32757073502039","5,05255675073589","4,20309267114893","4,34847287797322","4,54538959683858","-0,0617715996803445","-0,328482543215345","-0,242901577813493","0,0862659442100765","0,958009876797655","1,547597589729","0,938412734895515","0,770813585564814","0,777657142947455","0,645749083686295","0,494434253120366","0,269780584421972","0,118759546618548","0,133778533633672","0,347472185277857","0,723429328833535","1,17163921319207","1,72161674901783","2,27112255912968","2,46987397387577","2,42305825532198","2,77847426003892","4,17950947142093","6,63924585107983","9,05097805883637","9,39170776174874","6,82985592409012","3,71166065772416","3,35593652542415","5,15481985716635","6,36250684116098","6,45368052009967","5,68493285615006","2,40060016764864","1,23697887535074","11,1704269500703","21,0637233021489","28,2563246522726","37,461012512581","49,4904730037943","58,1581759913132","61,9510708548098","61,1247069254846","57,3510511878579","52,8008415524786","48,2726144036104","42,2510281819228","33,0049750648553","21,6722339206357","11,9334218208355","5,8612009447485","3,70787076415923","5,71617907482891","10,7399673849013","17,3267459846256","20,716103193955"
"17,9848791481369","13,6340401759911","14,9348717155105","21,8621868590683","26,6931473577723","26,1857932700871","23,1587344739634","19,786131257935","16,1021497147013","12,2303007410397","8,83871602472168","6,47802999244119","5,35442670223692","5,10759946740906","-0,156989618607786","-0,326780777524871","-0,079378083353343","0,16079623413429","0,795090849701702","1,54610753970857","1,1996707350699","0,309923589663404","-0,0529531557267129","0,0236220284846171","0,082240780636758","-0,0832515339624486","-0,297173870607496","-0,578203634073723","-0,462223162387579","0,166010739675948","0,807748833366008","1,51064307127674","1,7856128256107","1,54364528620162","1,22836542398895","1,29391991553769","2,12424524747665","3,82880819613682","5,79815847826801","6,50626182112475","5,07204496521255","2,96830583363129","2,59978656280767","3,95422281604588","5,52024178917761","6,83026225711604","7,60297598226897","6,59467676519526","4,60721953045396","6,64667093845168","12,6256355114262","17,9054713309453","18,6809842208701","17,7131191221592","25,1835568045425","32,9274621424027","38,5044071240339","43,0482520427155","48,415383978534","54,5434145275107","58,4295710648713","57,5058681697915","53,4370366415164","50,0626736454526"
"47,5513207277385","44,9752169922667","42,8358955840983","40,0679331243033","34,4933639471903","25,5103197933768","14,8647511412775","4,76397969311753","1,04210581492381","11,393039312868","20,9599670731583","24,6348978252923","24,4846019437035","22,8112044422231","20,422755264177","17,4490371517078","13,6247672237706","9,09604562095528","5,0504712508748","3,30272024809954","-0,156563797903888","-0,208840066801213","0,0920342821860875","0,480061100363535","0,864201291082966","1,3973781614579","1,39775762520872","0,753214880028117","0,237212934292795","0,195529818455179","0,222962434439796","-0,00657738965582761","-0,249885896890861","-0,383100877217823","-0,373822784258071","-0,13705594338008","0,630773631301467","1,57321169288183","1,5606990063858","0,913015322003035","0,536801499662276","0,229700550163879","0,283816597943425","1,3503132527674","3,11870687293376","4,10876635691192","3,30701345220977","1,7275398513895","1,31794501241685","2,29404325829988","3,75865384699977","5,14155431456464","6,08136091002144","6,06721421933","5,80791156948493","8,09780614208468","13,6445289608863","19,369125746194","21,2424933204201","17,3767473576179","10,1990593803666","4,91432158743818","4,86963548186328","10,3167450257394"
"19,9765251353379","31,9795858578624","43,2288515001332","51,947563570157","59,1775998205427","65,7107117591976","70,500815432113","74,0468384834852","78,0616745407395","81,4153384741193","81,8340864261329","79,5693115185921","75,1070088752624","67,6540366718333","56,8531267262724","44,0182653493182","30,1445102786122","14,7452384432807","13,2180781562122","15,2824645694062","17,252826186477","18,342893827349","16,1339065155506","9,89936927290331","1,94878831751591","-2,67056000600105","-0,013264226425632","-0,000244319435442994","0,332386918207085","0,703683182242496","0,695729039906677","0,976148231680745","1,46497052581327","1,14081108598339","0,476852549824763","0,197853291824053","0,24935582087079","0,110013965739963","-0,290125704477706","-0,238389651302299","0,179551374415107","0,773194706505405","1,36761604975541","1,71828447828279","1,337833949666","0,616854947706453","0,510191579188355","0,164127197347193","-0,386503782567306","-0,0522455958206533","1,71146396897507","2,88348596294011","2,36839660893799","0,967778711951122","0,570692469488353","1,17751826782377","2,20667218321986","3,04325675296363","3,41996817395795","3,423060655271","3,75748218841005","5,9668276071618","10,3810449368059","14,9035484836353"
"16,882864624538","15,1772126553142","10,759391423644","6,51665459158039","4,65583117560365","2,46019077846299","-3,247687167666","0,393057346725545","10,738702241719","20,5646801068962","31,2519975780241","42,6176526488625","52,2630700191546","60,6089864521605","69,2454155687488","77,0791736437685","83,2554514125781","90,1792469937028","97,3983533245292","101,126076350696","100,243711009501","96,156303139302","89,7152298633857","79,5777545453503","64,1253368941622","44,4764125243394","26,7016338401554","20,7114310415478","18,1495705914894","10,5036873017668","-0,462573314402842","-9,49787419196122","0,235871942711946","0,4007439491862","0,732066458977198","0,813085359845981","0,311759721138117","0,534285071082165","1,50604750902354","1,49603591583477","0,721680256206951","0,136289998925441","0,0540870627741919","0,209805760552187","-0,0477237131102571","0,0496656848139218","0,924070547702844","1,73392654331004","2,07753102676231","1,75836693819026","0,915233904971161","0,736365443653719","0,548770820169384","0,223128172346756","-0,0100225881775025","-0,136806960931364","1,17253755644105","2,48538343696407","2,14935292030802","0,820974714002145","0,760425763442278","0,931365665480244","1,22672941185757","1,36066423486631"
"1,13251073350384","0,883898298869001","1,19988235653183","2,81045104258868","5,63579993868181","8,35045751476618","9,71994849289593","9,52769103664614","8,29066974461842","7,23041525284185","6,85299782023119","5,46550623851093","2,85992206645952","3,52526522200974","8,84600550709352","12,4742775973139","9,57522396857788","5,60404045816912","11,3737364177781","19,059162478915","26,3397939867475","32,2770066600799","37,7603871592895","48,3313421615836","63,8299001566189","78,0511682850796","88,8080440380306","96,9497676510417","103,618352373719","108,1487403357","107,170131710306","97,6613680181632","80,5417288864883","62,0376868335982","47,7731112858736","36,0001520561493","26,182221222266","22,1239205895839","0,468595388430506","0,779831244283796","0,980637635078779","0,640791463901782","-0,155856648077488","0,31129587340512","1,46986241217796","1,79266632841779","1,07740284701157","0,275081169817075","0,0293684908750009","0,245227414733613","0,483224866713345","0,855761889926893","1,6813037759553","2,20431533018471","2,01488977667024","1,14416187557541","0,473883366829102","0,705347080750403","0,443118000221068","-0,0704997764030898","-0,205334372124903","-0,179115223910034","0,837572364088412","2,34505037044972"
"2,23275354054814","0,936103034391831","0,998210633226881","0,940028741054168","0,671941284217231","0,274381478703363","-0,225034373221203","-0,495004380121584","-0,257724433276494","0,792288995326179","2,27945589157846","3,40993590030223","3,9656266582329","4,3022017495632","4,55155574726013","4,71521504534001","4,6859182873595","4,14738874870035","4,06253497656379","6,71371646615594","11,3112852974204","13,9976378907974","12,8309850791549","10,5953595250461","10,740514721599","11,6197078235939","10,4355621013327","8,63920412839006","6,85659089120973","3,17339816066997","4,99876050346962","19,5538835641408","33,3283635127558","45,5588429514204","58,4189069204633","73,7161901586396","88,1050352873516","96,1177299439681","95,1064173740142","87,3092558804537","77,2345973808635","66,8223439447405","57,3006076783105","53,0613706271822","0,731014312637446","0,991468984556057","0,876429720322123","0,382652046308351","0,0648159550110609","0,305696076344767","1,21376718614778","1,81524349062053","1,2731431404274","0,758910529381867","1,09935544001181","1,38793579616234","1,64099940852926","1,79100319826446","1,83515720727506","1,60751711565866","0,905599445571671","-0,0142806038019721","0,275556735335479","0,673635969962513"
"0,436927114350552","-0,271104751031634","-0,374120232369424","0,152628524319135","1,02936341026837","2,33711207469474","2,33710676637664","0,930381445319405","0,416770900121846","0,298003292965038","-0,0116405275169847","-0,34177130864098","-0,382897029077933","-0,461897922198978","-0,475677124902312","0,296856909720259","0,946733042941121","1,02821235136905","0,964243072677097","1,33189102651399","1,91490984285783","2,2185795958621","2,15071280281171","2,05869651310548","2,88848208645603","5,24240435877215","8,03984031676557","9,68819733298112","10,0431897849146","10,7861354951959","12,7389766991635","13,9401673960958","12,9796620647048","11,7583199326064","11,8684358232434","12,1206886509523","11,8234010678956","11,8219204172954","12,0835153395771","10,9458288003974","7,43441421235302","9,30373735482551","27,0063401508756","44,0176478331969","56,8570090430853","63,9992563903932","65,9558439788125","63,66635864185","58,635760469114","55,7085469708042","1,59364399251688","1,47591020957252","1,23566969023947","1,05842436221478","0,928510375919057","0,759959851541924","0,806128433229044","1,54981352359587","1,47408134284843","1,83170689481589","2,22943959326853","2,35895583240588","2,15835740389424","1,62407793784224"
"0,886158760637162","0,114401090603008","-0,333478181323882","-0,293489376263737","0,192982382360921","0,597700477960778","0,490771316280591","0,00239134326785717","0,236920432753435","0,757322138578655","1,31991039174057","2,2017509126282","2,29594781880489","1,18879117386899","-0,0408260066850639","-0,389963100763406","-0,420772310696703","-0,386083434603713","-0,332307905445051","-0,405812445975382","-0,0337492441200271","0,725722549175484","0,909331415658228","0,369032754950184","-0,0801506127625922","0,478269602018468","1,04965315009484","1,24750158055639","1,06874577163864","1,06399885057022","1,83541984503877","2,99408410704996","3,89246068788472","4,40397404234895","5,08294151050906","6,65758504217557","8,77720990195357","9,95943775339758","9,68775289417213","9,41530859618916","10,4891498337515","12,5673599881194","14,9842937913239","17,1715988686723","18,3261855632432","18,1525675835298","17,2270687968037","16,0376998539383","15,6157459465439","17,8155490480225","22,5230088118075","26,6357897101431","29,1120575153395","29,8712433810554","28,2387579427931","26,6905701792292","1,7132385458888","1,79005059493407","1,86948283372394","1,87445285385861","1,78917282895034","1,57953174391615","1,49980478591063","2,00904151248557"
"2,0536196570449","2,13392959578114","2,17836515609818","1,8799780031272","1,14915701407516","0,730486202184728","1,25101070349337","1,10569865205099","0,369621261630107","-0,146227935258241","-0,0358127094550731","0,370354005749021","0,549030231508628","0,609194851778723","0,939675477588388","1,15129524585751","1,17582717204288","1,72294602124861","2,1338310183291","1,50791101743575","0,414024494692267","-0,288301459323695","-0,562716361695712","-0,491351874837914","-0,297276012123238","-0,211650578258373","0,490505784307206","1,19787213937211","1,07166157663825","0,242662482369817","-0,292089778382208","0,488022702101053","1,13059381374501","1,29024042940997","1,04239995550781","1,08751756812654","1,58500875089561","1,72676065381612","1,35661315362397","1,02388756229894","1,45047011970447","2,7587512192429","4,27445573808661","5,07774107002946","5,03580314482404","5,04245996330189","6,0104009984551","7,95708094604085","10,4508402233826","12,8194219474164","14,4168966711565","15,3137761309209","16,1776995892608","17,319103365127","18,8470424055492","20,7032360146654","21,4660930435672","18,7509484055449","12,8280841796513","7,14830502915159","4,02712885334606","3,32640604893498","0,937244205571134","1,32971765335822"
"1,6876288823339","1,82502836851869","1,8829307338281","1,88517582918549","1,96498912692913","2,02726557157417","1,46551166358477","0,968335839139315","0,735402396203274","0,342572023235029","0,200633720258723","0,934210751179449","1,69671724882902","1,57752895636329","0,543246159874183","-0,355998924472244","0,0269579699569814","0,506704383095045","1,01938179070187","1,29555680857289","1,40951646369724","1,20998158494157","0,62878333191224","1,08979871781826","1,97216934969198","1,767436740455","0,761369180080432","-0,175305209249304","-0,453453793601725","-0,282420178247515","-0,116203050207964","-0,0978668067180225","0,796434229031623","1,31957130914835","0,906703320326585","0,0614068677583884","-0,423402384637517","-0,0132391597839254","0,789211205794733","1,17734022207082","1,20473406586393","1,37915449194766","1,4083581776848","0,978022211226829","0,321935112538654","-0,169626010559139","-0,0427514314186817","0,766562814917408","1,65680675583614","2,14647108891592","2,15786269485547","2,02956924161816","2,34904335125311","3,31871642729811","4,75450808471748","6,22169702793378","7,35161937172173","8,34741536976392","9,74149663003139","11,6868846300668","13,9034652998502","15,7989774239114","16,3159945646483","14,457048207954"
"10,875346585118","8,44906903996635","9,12076860517149","10,1811227854928","-0,124253196509151","0,508576859297079","0,825738026647586","0,839455167050625","0,964522367288531","1,16711511756123","1,36100338353238","1,57945347509055","1,46985577597848","0,988508894505691","0,334915306963892","-0,0426614603861202","0,207114485516874","0,895418247107424","1,59294197798003","1,5296479274965","0,413754076814455","0,8727226617083","1,40261979179701","1,62491727623167","1,70855416030748","1,64251438435909","1,46798386247404","1,06914158541837","0,417042368759699","0,832052250060889","1,8926574604142","2,00970640409431","1,1044631205941","-0,0389704708588129","-0,119177070470901","0,00127482987018266","0,0642866755091111","0,128324513630777","0,975415564863736","1,13336423604552","0,433066905731703","-0,0692747968343694","-0,154039918811984","-0,0561570080631963","0,285229962067513","0,902552932755578","1,36750077009327","1,48124850425335","0,990951380248244","0,121350190552581","-0,412702648729767","-0,374911570488935","-0,0227245835687566","0,37208215342064","0,640972224330312","0,952702160910787","1,26470670381193","1,19032801697629","0,793825008971756","0,740772601621981","1,18233581444705","1,72720136853908","2,16329124960494","2,79885431968071"
"4,03661995984373","5,78353921612029","7,48357402297577","8,56261070091751","8,74170518456562","8,08039904352253","7,09811242204569","6,93370243953455","7,88665364822676","8,51536552487084","-0,295538215746418","0,0137509253942503","0,204224507431989","-0,0829003906714922","0,0503667149225966","0,607288540842152","1,17462256784674","1,65446257619593","1,77849055682995","1,41250363320208","0,60322931704096","-0,163090254121951","0,0442562337225416","0,59963324536614","1,12394320541143","1,27979376888074","1,29884142953314","1,8260172253987","2,00239713048473","1,87885431993117","1,55609042466827","1,13371200094915","0,897448922380001","0,687435863122009","0,505090080228165","0,834896050039955","1,7782060411859","2,21005368924866","1,4939142529606","0,0641812150923223","0,181582971135386","0,249456438809799","0,257584333070592","0,573331385585555","1,07782799950365","0,812834906306888","0,0724238606811997","0,122766575483641","0,259245005874881","0,58552911372243","0,809162016193531","0,886783757506826","1,38858473437067","1,77011513740433","1,46271326876486","0,548133031074765","-0,314354655488401","-0,11457767465935","0,396651615367548","0,643117290559185","0,568899342603178","0,445258528949819","0,823351306502531","1,26944991615616"
"1,27343130681834","0,852033164809262","0,303857481555017","-0,0608632613236762","-0,215652001715755","0,105145445754626","1,14071492373843","2,46340520044796","3,31368442289223","3,42105433784301","3,22304141685149","3,20605681767322","3,42564568193295","3,82561202656389","4,15449069217585","4,23786138183599","-0,528693950478104","-0,241239431753069","0,14173128098739","0,262567757743934","0,361242289359427","0,677207693702331","1,11592635638181","1,48209047308514","1,6211570963047","1,35798719485209","0,530702634779472","-0,203343159946117","0,507749309118037","1,05972973940648","1,25864886472812","1,32160211909739","1,47121002149204","1,61309341531428","1,48178440314609","1,08418272450812","0,540722404534552","0,0117827427184257","0,057838333586538","0,0332670406367648","0,121978262439546","0,447158021963196","1,30519329928284","2,13430534135514","1,87443225894815","0,976340471793292","0,882831742538393","0,828012990218121","0,736400615994343","0,948352083060113","1,04756338389027","0,440270689812971","0,495373231492963","0,538427843623624","0,632853241498289","0,872990196672927","0,803835872701737","0,558949420631973","1,16937456920597","1,86031564661904","1,89550115319699","1,15095265089134","0,106925803276992","0,279583103321434"
"0,636698239134767","0,643992123305475","0,492943497481157","0,382204200691192","0,46735496614618","0,792491348843637","1,06281173248081","1,07889129059504","0,861937838559712","0,585717258787811","0,485692437086352","0,370392701338387","0,501267021232334","1,28372719366743","1,35293778308482","0,810011005209182","0,537125809286135","0,920026743774057","1,5919547817277","1,86040959209573","1,3698616710766","0,888118867515313","-0,722016645029119","-0,4732162979738","0,0236595818066961","0,33385807606515","0,45929057498395","0,656819674711882","0,938200637484832","1,11988569155653","1,16079529936314","0,992698971481477","0,347894804933706","0,407407071379621","1,07573561933568","1,40987547107006","1,31833137989943","1,15500902677767","0,879699503900858","0,68236134426922","0,385724592205657","0,0181376323949897","0,289172052060003","0,193400540801921","-0,111513939113395","-0,470431508910203","0,0288323904862333","0,56160299218429","0,803330235558539","1,5867544562275","2,11255917934682","1,94095350575952","1,75136538514261","1,5447674694318","1,33504219443398","1,2930401559341","1,06789857781388","0,742155895334299","0,893969167071186","0,862451256868127","0,789672115155589","0,76216085906771","0,458004867048357","0,0405948149925422"
"0,711366373101104","1,48301300843087","1,81567927692019","1,46710000143246","0,590818360853325","0,524353351547334","0,474541416185829","0,203928608879374","0,121586638273861","0,255287990940297","0,376669044836789","0,44548716291107","0,516933903640854","0,63556045334089","0,65518901166188","0,663611954247111","0,923206695277167","1,10294105341331","1,06511549087744","1,01252087262775","0,607053001046491","0,417787104213283","0,26962097089183","0,56255261430354","1,41188791691224","1,42780775666992","0,59396567998176","-0,116909931767452","-0,271224773460204","-0,288800620886428","-0,23402683906442","0,229973301296762","0,550565875695217","0,726200926337027","0,895601525584556","1,01242168533676","0,989532710123966","0,805709783526769","0,441917701012647","0,640472698318678","1,01571586237881","1,1183322536158","0,935551122334395","0,977532079690707","0,982961572894527","0,61358705994148","0,419617086076164","0,460291606555486","0,51226179649968","0,247661545943683","-0,183808920798246","0,192798349383442","0,931555628428169","1,48690729337633","1,58615969663822","1,23764258529398","1,90899211118751","2,21365915020071","1,93843048187686","1,56480551780046","1,36412600907276","1,29592632486256","1,04568458651643","0,950841047106019"
"0,985899289814256","0,823886093272007","0,621953813206026","0,522986275573932","0,370557821006438","0,240714404766638","0,369922235270436","0,943099176401885","1,48477531136868","1,68115713628866","1,51371017147022","1,16459320841916","0,699623156310035","0,169481925509358","-0,218179740638384","0,0508839146331557","0,287053655820421","0,329755027979756","0,221468253480361","0,114109374418736","0,354104801288479","0,729750967569381","1,13221262906589","1,35938868155521","1,30666740698705","1,09443518361361","1,09379670002609","1,23486246397414","1,25090595146924","1,39509566914918","1,68383764253132","1,38954070615806","1,00579786292205","0,905511427695945","0,214178843092542","0,170780617932586","0,0687628974669911","0,266775470231147","0,689481354880166","0,971064516346307","1,11419089393483","1,22328055386065","1,22225598064421","1,01503140437272","0,682226093928058","0,570564164127454","0,673538061466233","0,685354122059966","0,566556850243753","0,676407161758334","0,800092158195501","0,622878104588701","0,572772200119107","0,627169261441894","0,556862172433332","0,192820546356891","0,470202571240228","1,07743044337396","1,60815639279065","1,87785442337235","1,65650079315444","0,894272649672397","1,19695676381529","1,80677649377776"
"1,46765081575937","0,729420191893242","0,601551299195394","0,716606641079057","0,491019235394993","0,598735593825872","0,664962006728911","0,517702826124423","0,286633334148772","0,315202872922436","0,502970006905082","0,734269895683385","0,948975631323095","1,09717284803489","1,27200459729722","1,58711441867191","1,73831021027743","1,57406144792633","1,23197284749476","0,920262655927291","0,708170766888398","0,615105858436489","0,666974015025495","0,704760118736005","0,692087833187267","0,705169797437689","0,784159963689876","0,953401250493385","1,17090566041038","1,28101181763301","1,16463727749739","0,942118169818171","1,05684378819097","1,16284047855977","1,21053936719741","1,41743417193225","1,283303210655","0,892948692669967","0,863309683349884","0,877320992209398","0,579909313617251","0,49765369006183","0,364693977697465","0,401874196295877","0,685888826073363","1,12499262616945","1,46777434077035","1,55623401974156","1,49611099404558","1,22719189915162","0,786161247683733","0,490323495450887","0,4335380372822","0,422881374186932","0,332552250820346","0,299087275337466","0,478233705780617","0,461145731556804","0,437495693754999","0,462185756978003","0,414820193895815","0,533914153327437","0,92781554633748","1,26282973577577"
"1,45742612986955","1,36486124060271","0,884879459094106","0,0212210417070372","0,571480851730736","1,414638072078","1,38220717369886","0,81695700456036","0,65518240839717","0,447487558352554","-0,135589429936425","0,0256426646588049","0,218758363166879","0,321083481915188","0,209744326693719","0,169819431495612","0,592466248148089","0,948690080165207","1,06711887575097","0,887528525452357","0,620017304287201","1,19036179255142","1,55893085845593","1,43301208352772","1,024540627618","0,921355069973455","1,11197609127032","1,18048696549751","1,10805558793103","0,990036224560049","0,90698973993689","0,872836825102073","0,801132212968166","0,684939887776173","0,638237666742413","0,648139837478934","0,558409597199567","0,243479204320896","0,310600936077499","0,308379029156735","0,780857999760858","1,10358824429671","0,611482783096129","0,306099362032721","0,366212463843971","0,337088646041847","0,695795943309041","0,661693981936324","0,613719240662192","0,622021369479121","0,688480314784701","1,07451474488916","1,76833205252749","1,91053259809789","1,63238527159644","1,20837165096369","0,698306584663404","0,371454658107628","0,27668438721341","0,246026474396723","0,157802181086031","-0,046963885808468","0,204853667228185","0,277418777394569"
"0,192565860381938","0,160924183717899","0,464264646051558","0,612211521270273","0,740229388062395","0,899057941104781","0,857805011406731","0,491190640456887","-0,0700294584633757","-0,718838945505734","0,100726950274651","1,06126444909139","1,50579014108636","1,39265294015449","1,02508462487577","0,415330862255342","-0,25550546512584","-0,274931396753728","-0,148996977207094","0,253459303642273","0,445918828858254","0,395354984375588","0,627685189396861","0,758129689556201","0,569140939540936","0,137407317498543","0,246934524194449","0,944461506710258","1,35981652455076","1,21997990879683","0,579664721830113","0,377673335337253","0,682830354618229","0,660416038570423","0,53814184457171","0,407592210473986","0,356768607006618","0,401863540666125","0,317711777142992","0,143940102093612","0,130586275875591","0,235180633266814","0,288665855151739","0,214560055126898","0,299412116231345","0,660016608001528","1,14002230590807","1,14765551215845","0,548076510278464","0,0487303659535809","-0,169877671966831","-0,374875556351866","0,641849659221545","0,683752673261074","0,797550796213484","0,92749986045835","0,928575297126698","0,93373711231276","1,96313877263199","2,12266923439591","1,40784012852106","0,742193934855654","0,30608905157129","0,0642513468084569"
"0,0186915524326897","0,018149088934119","-0,0285121116540882","-0,219501384944305","0,0114325079466201","0,116740841450224","0,0833579146070012","0,359376289360069","0,624557780018124","0,701768555709797","0,766827684077711","0,830200964999716","0,602008725531939","-0,0126733674627326","-0,660400647708487","-0,982475228469967","-0,360292036805403","0,619772254771696","1,44692383672985","1,65403955947029","1,17090471239836","0,298261300385731","-0,198476969241779","-0,200817859843835","-0,315961548474234","0,222324731785613","0,673297366286963","0,680489010812739","0,55514293874847","0,35700630931546","0,069056750901132","-0,082978747522223","0,150254246293853","0,641034410418228","1,08829614819422","1,21137809191838","0,895240883250362","0,42699776098249","0,131104705735672","-0,0186832083010954","0,138990304169824","0,268821935843848","0,326979210425378","0,312026518826393","0,195432241077824","0,178058283574537","0,334007307398538","0,416051948672911","0,322314772179301","0,235618790805363","0,484151607369696","1,04995551322768","1,45154788552804","1,21940186817193","0,516412254458436","-0,0600399879480566","-0,349649168370462","-0,53814173960132","0,595393690100431","0,658596025552771","0,853165409581576","1,08313833822761","1,11282795905676","0,843309094897621"
"2,03162705569503","2,15862356028128","1,07492628076734","0,178467367956562","0,0175379290786557","-0,135159501578478","-0,16323876537855","-0,109237107270753","-0,124262709316763","-0,225252595554635","-0,126624207698706","0,00206464136083007","0,140372978700743","0,418284580282969","0,659172217847495","0,76006728837658","0,849684517803748","0,887316237187373","0,588515356310106","-0,119372416544045","-0,865099929424229","-1,00387921546413","-0,688769053347948","0,343686205185355","1,36338891052216","1,70821909573548","1,19855509396387","0,198908417335125","-0,123208726000808","-0,134658816745761","-0,323584695775143","0,215125205134094","0,76676369656196","0,797709841749424","0,495253935930512","0,151812188700204","-0,0672146751412934","-0,0915911672783499","0,0862343470233294","0,430764411746877","0,896055501721607","1,24758710267307","1,10099156104707","0,485230518862406","0,0078844224367996","0,0286398147206054","0,272107311084454","0,439535378370311","0,504576367105629","0,426722732838068","0,242678551374298","0,21910214248338","0,411422766546615","0,503342025869045","0,337434547751827","0,221018661633337","0,529614844871647","1,16713228692444","1,54452038111917","1,23291942344728","0,494422627292624","-0,0943574644088848","-0,316335122184553","-0,345635703209171"
